{
    "parentPosX": 1,
    "parentPosY": 1.0,
    "parentPosZ": 1,
    "parentRotY": 0.0,
    "camPosY": 1.4049997329711915,
    "camFOV": 102.75,
    "camRotX": 10.100683212280274,
    "camRotY": 104.099853515625,
    "scaleX": 4,
    "scaleY": 4.0,
    "scaleZ": 5.6641998291015629,
    "someName": "data4"
}