{
    "parentPosX": 3.428999900817871,
    "parentPosY": 0.0,
    "parentPosZ": 2.8320999145507814,
    "parentRotY": 0.0,
    "camPosY": 0.0,
    "camFOV": 60.0,
    "camRotX": 0.0,
    "camRotY": 0.0,
    "scaleX": 6.857999801635742,
    "scaleY": 4.0,
    "scaleZ": 5.6641998291015629,
    "timestamp": "12/8/2017 1:02:04 AM"
}