{
    "parentPosX": -0.7599999904632568,
    "parentPosY": 0.0,
    "parentPosZ": -0.5600000023841858,
    "parentRotY": 357.9904479980469,
    "camPosY": 0.0,
    "camFOV": 60.0,
    "camRotX": 0.0,
    "camRotY": 0.0,
    "scaleX": 3.1141128540039064,
    "scaleY": 1.1517378091812134,
    "scaleZ": 0.5703507661819458,
    "timestamp": "12/08/2017 23:23:18"
}