{
    "parentPosX": -1.3049999475479127,
    "parentPosY": 0.0,
    "parentPosZ": -1.090000033378601,
    "parentRotY": 0.0,
    "camPosY": 0.0,
    "camFOV": 60.0,
    "camRotX": 0.0,
    "camRotY": 0.0,
    "scaleX": 2.609999895095825,
    "scaleY": 2.180000066757202,
    "scaleZ": 2.180000066757202,
    "timestamp": "12/11/2017 09:41:30"
}